Score, FavCount, ViewCount, FATs, PoliteTitle, PoliteBody
-1, 0, 5874, 536.55, 0.32202913055, 0.280347911694
4, 1, 1636, 440.516, 0.30681352693, 0.0805212811459
569, 232, 326127, 284.047, 0.272432973485, 0.293645784968
2, 0, 835, 865.027, 0.312718795174, 0.263943285777
0, 0, 442, 1866.274, 0.322599819575, 0.192075858299
23, 1, 10679, 1051.93, 0.327857434698, 0.283959103327
42, 14, 95178, 246.17, 0.32256966997, 0.32256966997
12, 1, 15037, 268.167, 0.291599957999, 0.279309625073
9, 2, 10982, 576.567, 0.214437928101, 0.272934596976
5, 1, 1253, 468.91, 0.28494301672, 0.298271281034
119, 69, 164207, 191.834, 0.227503580591, 0.140832579887
0, 0, 2168, 29416.42, 0.304240876707, 0.220642565393
3, 0, 4414, 1994.04, 0.181953524566, 0.189542100225
426, 292, 115347, 470.276, 0.268452715491, 0.151458579761
26, 4, 53179, 236.98, 0.321333276464, 0.281891242118
37, 4, 29095, 291.143, 0.235499455113, 0.289263074796
174, 52, 31589, 105.627, 0.112479191042, 0.124005478352
3, 0, 1364, 3095.744, 0.244789570098, 0.32743968575
6, 4, 7374, 75.723, 0.335956740158, 0.0955511545723
20, 1, 11054, 2898.854, 0.236800934995, 0.297557899391
6, 9, 4948, 8076.947, 0.328029721779, 0.17239756468
19, 3, 6334, 236.013, 0.492081294402, 0.179743482187
7, 2, 8241, 111.79, 0.283286318486, 0.317051015145
455, 223, 55058, 11.48, 0.27840170003, 0.105973428048
17, 8, 3190, 194.47, 0.382368076781, 0.314567012575
300, 91, 98468, 259.176, 0.30681352693, 0.302660123541
1, 1, 2453, 210.443, 0.22466984499, 0.248411782509
3, 1, 480, 70.636, 0.307388917617, 0.168286468878
14, 3, 1994, 235.123, 0.30681352693, 0.165308738798
24, 17, 19684, 157.793, 0.184547399434, 0.252291661765
0, 0, 2154, 745.357, 0.31884876906, 0.250611079678
5, 1, 2035, 329.52, 0.433441802282, 0.263554937526
17, 1, 14763, 188.963, 0.38866606824, 0.0813500697988
261, 79, 119624, 204.067, 0.283642959495, 0.293332283364
25, 9, 6140, 204.72, 0.405845303619, 0.269489189601
94, 43, 124809, 241.757, 0.30681352693, 0.244554938961
5, 2, 1337, 170.883, 0.0909536266763, 0.200595557037
30, 4, 6086, 371.003, 0.376693197438, 0.140694715166
8, 0, 8275, 772.626, 0.299708086154, 0.230413387345
7, 2, 920, 2839.08, 0.30174651474, 0.267747379132
3, 0, 2177, 85.037, 0.635470049348, 0.23906511378
12, 1, 13350, 53.413, 0.193265240407, 0.154242680597
2, 0, 1473, 220.584, 0.341985038517, 0.174897717507
33, 12, 12844, 104.194, 0.213165874379, 0.277903616211
125, 38, 16981, 113.536, 0.237748460808, 0.140811914378
9, 1, 1337, 398.677, 0.394004610445, 0.228395831847
114, 88, 224361, 10.56, 0.317279188847, 0.320076866351
39, 13, 100690, 99.0, 0.308482183487, 0.0364866407275
25, 0, 6894, 4293.867, 0.269722363247, 0.144582253027
161, 18, 161654, 115.004, 0.367931810058, 0.284383110605
1, 1, 626, 3876.814, 0.257840092298, 0.28395960011
1, 1, 597, 515.287, 0.346434319145, 0.285497760256
22, 13, 2159, 175.686, 0.617499675852, 0.287315195772
3, 0, 1321, 4647.177, 0.210390679094, 0.248883040336
31, 7, 7639, 206.5, 0.275239485858, 0.193051588113
26, 3, 23330, 16155.45, 0.341176640338, 0.292818663146
0, 0, 4166, 483.463, 0.338798788064, 0.248497830974
124, 51, 80711, 1122.053, 0.538535287255, 0.115924983844
7, 0, 6391, 8337.334, 0.266078259073, 0.0718017123741
1, 0, 163, 152.676, 0.445087185699, 0.318857636791
108, 15, 29186, 66.877, 0.360146070448, 0.165538078162
2, 0, 1435, 35298.923, 0.296777054761, 0.279992687876
66, 18, 64515, 2045.64, 0.289219549298, 0.151478342403
25, 9, 20248, 132.6, 0.332283823659, 0.187805367573
20, 4, 4177, 125.376, 0.38052347182, 0.188841061014
6, 1, 14093, 274.934, 0.287665155597, 0.321944629919
36, 9, 37557, 89.186, 0.290644966952, 0.203576947506
39, 5, 80326, 289.396, 0.312314804407, 0.261242425984
321, 158, 76055, 46.707, 0.105914893978, 0.226338005489
64, 31, 43347, 392.793, 0.346269250785, 0.263423836284
183, 56, 92637, 120.493, 0.305473891059, 0.178814848768
58, 16, 50217, 110.823, 0.213200024036, 0.213200024036
0, 0, 931, 180.43, 0.300183019132, 0.243143760592
61, 9, 131648, 200.133, 0.304240876707, 0.317499194139
13, 3, 15635, 236.153, 0.297369930669, 0.262387280633
5, 2, 4508, 977.143, 0.33036357686, 0.244120781252
2, 1, 5827, 341.687, 0.30681352693, 0.282714612337
8, 0, 910, 332.327, 0.246608552977, 0.0427358878285
164, 50, 95836, 21.917, 0.396919019354, 0.211871878063
1, 0, 4028, 2177.043, 0.280404913794, 0.217543767454
0, 0, 114, 1805.39, 0.198018537659, 0.278184491585
13, 4, 9929, 522.337, 0.331115688473, 0.159820460699
2, 1, 2513, 9366.18, 0.24063292821, 0.331443485844
1, 0, 1851, 427.503, 0.365471669219, 0.267575475496
175, 103, 110715, 188.527, 0.147667684137, 0.173106687249
27, 9, 59501, 7.504, 0.243616926449, 0.114193401682
155, 47, 135043, 152.457, 0.548757794874, 0.275868530624
2, 0, 351, 84.223, 0.319427204496, 0.253542613716
28, 7, 5465, 221.847, 0.413603543169, 0.262288114267
12, 3, 3259, 252.567, 0.258923743072, 0.154694775145
231, 38, 107600, 133.617, 0.352442473985, 0.294459500821
47, 18, 80733, 793.563, 0.201684853397, 0.31629788172
169, 25, 44723, 312.33, 0.103622950971, 0.0677415607176
58, 44, 42825, 189.26, 0.342496745565, 0.279738633406
27, 14, 19154, 286.497, 0.304240876707, 0.252821986795
287, 124, 167903, 139.95, 0.334184509855, 0.29970428623
219, 70, 102538, 174.723, 0.145060892886, 0.180480831045
1, 0, 383, 368.506, 0.376250813248, 0.248337650045
1, 0, 1276, 419.766, 0.33036357686, 0.126182391914
19, 7, 13149, 21922.99, 0.227626409138, 0.272041853302
64, 9, 21259, 187.107, 0.19055701323, 0.176279719991
8, 2, 9452, 14.007, 0.27160220572, 0.331076829988
26, 6, 6747, 244.204, 0.233449294416, 0.225664216182
268, 113, 148403, 21.277, 0.254633361239, 0.309389697527
273, 74, 176879, 20.496, 0.278391298078, 0.22166373558
60, 12, 30081, 403.476, 0.312118968477, 0.179633749058
923, 241, 199647, 20.904, 0.212741132598, 0.328054443007
396, 197, 386055, 248.57, 0.171997147542, 0.186911953805
50, 22, 26726, 150.777, 0.147667684137, 0.188737642484
2, 0, 527, 5912270.417, 0.118865397052, 0.0545298135445
72, 47, 18576, 334.857, 0.263845603209, 0.0830050547779
184, 71, 81771, 121.617, 0.288627619734, 0.202022874275
2, 0, 306, 249.96, 0.300304912439, 0.137569057083
288, 73, 181997, 5134.647, 0.323048510358, 0.318072142367
25, 9, 22124, 2141.49, 0.405387809587, 0.277579546339
0, 0, 2200, 399.033, 0.463205339792, 0.178904522409
22, 4, 17126, 1282.923, 0.243191198852, 0.236540473946
371, 137, 371822, 221.007, 0.304240876707, 0.243797551802
18, 0, 13098, 32.76, 0.252368426386, 0.252368426386
11, 3, 6841, 296.087, 0.27849088271, 0.250868167563
314, 134, 193934, 135.143, 0.169765266838, 0.169765266838
670, 107, 496518, 106.75, 0.220842244607, 0.279381872625
4, 1, 3098, 224.403, 0.265525106515, 0.261026907036
8, 0, 1391, 182.27, 0.343718975845, 0.211288395784
80, 24, 28840, 106.687, 0.280965831851, 0.263758773076
2, 0, 656, 292.203, 0.341103724247, 0.289079974534
2, 0, 1171, 696.184, 0.220278008204, 0.173219948126
5, 3, 4014, 367.79, 0.30940063077, 0.156549012884
5, 1, 3382, 238.277, 0.41154731117, 0.322874686213
1261, 918, 265414, 534.006, 0.425805646523, 0.199299655234
1, 0, 346, 3358.106, 0.387021966854, 0.0863876624174
6, 1, 2164, 717.527, 0.314918572648, 0.234070341643
8, 2, 11075, 311.36, 0.353311097166, 0.122246049891
253, 107, 155652, 100.167, 0.162947740317, 0.163831203717
8, 0, 1092, 246.154, 0.103310146517, 0.0867163021443
2, 0, 314, 84.13, 0.386170948343, 0.281914458263
27, 7, 5338, 26.88, 0.415619751085, 0.30681352693
0, 1, 5347, 385.667, 0.330704749361, 0.270329848991
6, 0, 2778, 241.957, 0.242225871843, 0.272837695583
3, 8, 19481, 814.11, 0.317973445504, 0.279374511205
3, 1, 737, 512.107, 0.128465938526, 0.200026686146
2, 1, 922, 1193.14, 0.196961370306, 0.141175174182
40, 6, 80241, 673.144, 0.337933245986, 0.252449400588
15, 7, 8943, 2814.15, 0.347606832245, 0.24966986613
2, 0, 4992, 6991.373, 0.208513998289, 0.193922116542
7, 4, 9147, 268.604, 0.178529354514, 0.30681352693
26, 35, 2890, 220.88, 0.315290994932, 0.0206029172799
20, 4, 5945, 168.077, 0.28454574733, 0.257904991697
21, 9, 23996, 541.667, 0.223706734143, 0.118032664952
8, 3, 10508, 2488.544, 0.360013565686, 0.27768240005
35, 6, 13555, 372.297, 0.353632122018, 0.272798703631
4, 0, 2411, 333.763, 0.0616181034479, 0.184142568726
20, 6, 8298, 3676.6, 0.272260783836, 0.240049078437
197, 95, 203759, 80.557, 0.392734436873, 0.276831159632
55, 7, 30239, 38.564, 0.238945953915, 0.254452117427
5, 2, 2301, 183.003, 0.35003625951, 0.27128176262
1029, 595, 334262, 328.35, 0.30681352693, 0.169579108268
9, 2, 688, 275.497, 0.601360046656, 0.264572681134
14, 2, 16246, 834.164, 0.244997024998, 0.221204773486
9, 2, 11005, 1445.046, 0.315190147869, 0.0625373424781
15, 9, 5716, 450.857, 0.346434319145, 0.280197671024
28, 13, 15708, 3411.483, 0.280844048684, 0.314900677866
173, 29, 229848, 90.743, 0.246614297203, 0.29635217032
80, 63, 40782, 946.014, 0.316657257928, 0.273871918936
2, 0, 2275, 484.46, 0.251329832691, 0.332963927604
6, 4, 9154, 839.597, 0.200497057458, 0.28658698864
353, 68, 351293, 247.466, 0.328483364651, 0.307467695571
11, 6, 32428, 849.13, 0.37013748065, 0.259144501036
344, 116, 162532, 198.167, 0.437719992056, 0.331996829571
12, 4, 2378, 1000.607, 0.313711632839, 0.222781369866
8, 0, 54636, 606.784, 0.228966135689, 0.0801569481971
40, 18, 16884, 11.7, 0.156516196171, 0.283273724661
22, 9, 36975, 343.903, 0.373412235095, 0.255488855742
62, 43, 124884, 2266.35, 0.352684358877, 0.202232700146
125, 61, 59566, 724.64, 0.239352209068, 0.311427652083
19, 13, 5459, 151.603, 0.611673581876, 0.198777525206
17, 11, 4499, 2043.223, 0.322284069459, 0.296470862779
4, 1, 1928, 141.51, 0.329347375214, 0.299704484136
23, 3, 34530, 35.087, 0.217474842612, 0.2923013695
1241, 251, 882172, 115.643, 0.357314697105, 0.22048427761
7, 6, 5586, 292.22, 0.186812991127, 0.283193289481
26, 8, 9102, 144.973, 0.696319687792, 0.218248729414
30, 8, 13205, 392.907, 0.290156094036, 0.303205053862
55, 21, 127685, 165.36, 0.247922553363, 0.239294943996
Score, FavCount, ViewCount, FATs, PoliteTitle, PoliteBody
-1, 0, 5874, 536.55, 0.32202913055, 0.280347911694
4, 1, 1636, 440.516, 0.30681352693, 0.0805212811459
569, 232, 326127, 284.047, 0.272432973485, 0.293645784968
2, 0, 835, 865.027, 0.312718795174, 0.263943285777
0, 0, 442, 1866.274, 0.322599819575, 0.192075858299
23, 1, 10679, 1051.93, 0.327857434698, 0.283959103327
42, 14, 95178, 246.17, 0.32256966997, 0.32256966997
12, 1, 15037, 268.167, 0.291599957999, 0.279309625073
9, 2, 10982, 576.567, 0.214437928101, 0.272934596976
5, 1, 1253, 468.91, 0.28494301672, 0.298271281034
119, 69, 164207, 191.834, 0.227503580591, 0.140832579887
0, 0, 2168, 29416.42, 0.304240876707, 0.220642565393
3, 0, 4414, 1994.04, 0.181953524566, 0.189542100225
426, 292, 115347, 470.276, 0.268452715491, 0.151458579761
26, 4, 53179, 236.98, 0.321333276464, 0.281891242118
37, 4, 29095, 291.143, 0.235499455113, 0.289263074796
174, 52, 31589, 105.627, 0.112479191042, 0.124005478352
3, 0, 1364, 3095.744, 0.244789570098, 0.32743968575
6, 4, 7374, 75.723, 0.335956740158, 0.0955511545723
20, 1, 11054, 2898.854, 0.236800934995, 0.297557899391
87, 35, 33346, 201.363, 0.304240876707, 0.27543731253
5, 0, 5200, 318.193, 0.192165594754, 0.317140425559
1488, 1127, 472544, 212.347, 0.358746344217, 0.252020210948
16, 7, 2925, 381.31, 0.221566692216, 0.277765361443
16, 4, 21864, 1578.233, 0.304240876707, 0.279123554241
5, 1, 4726, 270.943, 0.307599639035, 0.19213168624
14, 3, 1994, 235.123, 0.30681352693, 0.165308738798
24, 17, 19684, 157.793, 0.184547399434, 0.252291661765
0, 0, 2154, 745.357, 0.31884876906, 0.250611079678
5, 1, 2035, 329.52, 0.433441802282, 0.263554937526
17, 1, 14763, 188.963, 0.38866606824, 0.0813500697988
261, 79, 119624, 204.067, 0.283642959495, 0.293332283364
25, 9, 6140, 204.72, 0.405845303619, 0.269489189601
94, 43, 124809, 241.757, 0.30681352693, 0.244554938961
5, 2, 1337, 170.883, 0.0909536266763, 0.200595557037
30, 4, 6086, 371.003, 0.376693197438, 0.140694715166
8, 0, 8275, 772.626, 0.299708086154, 0.230413387345
6, 9, 4948, 8076.947, 0.328029721779, 0.17239756468
19, 3, 6334, 236.013, 0.492081294402, 0.179743482187
7, 2, 8241, 111.79, 0.283286318486, 0.317051015145
455, 223, 55058, 11.48, 0.27840170003, 0.105973428048
17, 8, 3190, 194.47, 0.382368076781, 0.314567012575
300, 91, 98468, 259.176, 0.30681352693, 0.302660123541
1, 1, 2453, 210.443, 0.22466984499, 0.248411782509
3, 1, 480, 70.636, 0.307388917617, 0.168286468878
7, 2, 920, 2839.08, 0.30174651474, 0.267747379132
3, 0, 2177, 85.037, 0.635470049348, 0.23906511378
12, 1, 13350, 53.413, 0.193265240407, 0.154242680597
2, 0, 1473, 220.584, 0.341985038517, 0.174897717507
33, 12, 12844, 104.194, 0.213165874379, 0.277903616211
125, 38, 16981, 113.536, 0.237748460808, 0.140811914378
9, 1, 1337, 398.677, 0.394004610445, 0.228395831847
114, 88, 224361, 10.56, 0.317279188847, 0.320076866351
39, 13, 100690, 99.0, 0.308482183487, 0.0364866407275
25, 0, 6894, 4293.867, 0.269722363247, 0.144582253027
161, 18, 161654, 115.004, 0.367931810058, 0.284383110605
1, 1, 626, 3876.814, 0.257840092298, 0.28395960011
1, 1, 597, 515.287, 0.346434319145, 0.285497760256
22, 13, 2159, 175.686, 0.617499675852, 0.287315195772
3, 0, 1321, 4647.177, 0.210390679094, 0.248883040336
31, 7, 7639, 206.5, 0.275239485858, 0.193051588113
26, 3, 23330, 16155.45, 0.341176640338, 0.292818663146
0, 0, 4166, 483.463, 0.338798788064, 0.248497830974
124, 51, 80711, 1122.053, 0.538535287255, 0.115924983844
7, 0, 6391, 8337.334, 0.266078259073, 0.0718017123741
1, 0, 163, 152.676, 0.445087185699, 0.318857636791
108, 15, 29186, 66.877, 0.360146070448, 0.165538078162
2, 0, 1435, 35298.923, 0.296777054761, 0.279992687876
66, 18, 64515, 2045.64, 0.289219549298, 0.151478342403
25, 9, 20248, 132.6, 0.332283823659, 0.187805367573
20, 4, 4177, 125.376, 0.38052347182, 0.188841061014
6, 1, 14093, 274.934, 0.287665155597, 0.321944629919
36, 9, 37557, 89.186, 0.290644966952, 0.203576947506
39, 5, 80326, 289.396, 0.312314804407, 0.261242425984
321, 158, 76055, 46.707, 0.105914893978, 0.226338005489
64, 31, 43347, 392.793, 0.346269250785, 0.263423836284
183, 56, 92637, 120.493, 0.305473891059, 0.178814848768
2, 0, 542, 18194.357, 0.434872168372, 0.215526801596
67, 22, 80341, 100.9, 0.233649117436, 0.233649117436
95, 48, 50528, 279.787, 0.0927973777232, 0.211853408988
7, 2, 6808, 1551.98, 0.27840170003, 0.296624158203
0, 0, 791, 138.653, 0.161152943044, 0.317265919163
28, 11, 7236, 556.326, 0.30681352693, 0.273414360182
131, 33, 56519, 117.047, 0.248209276605, 0.31099375443
58, 16, 50217, 110.823, 0.213200024036, 0.213200024036
0, 0, 931, 180.43, 0.300183019132, 0.243143760592
61, 9, 131648, 200.133, 0.304240876707, 0.317499194139
13, 3, 15635, 236.153, 0.297369930669, 0.262387280633
5, 2, 4508, 977.143, 0.33036357686, 0.244120781252
2, 1, 5827, 341.687, 0.30681352693, 0.282714612337
8, 0, 910, 332.327, 0.246608552977, 0.0427358878285
164, 50, 95836, 21.917, 0.396919019354, 0.211871878063
1, 0, 4028, 2177.043, 0.280404913794, 0.217543767454
0, 0, 114, 1805.39, 0.198018537659, 0.278184491585
13, 4, 9929, 522.337, 0.331115688473, 0.159820460699
2, 1, 2513, 9366.18, 0.24063292821, 0.331443485844
1, 0, 1851, 427.503, 0.365471669219, 0.267575475496
175, 103, 110715, 188.527, 0.147667684137, 0.173106687249
27, 9, 59501, 7.504, 0.243616926449, 0.114193401682
155, 47, 135043, 152.457, 0.548757794874, 0.275868530624
2, 0, 351, 84.223, 0.319427204496, 0.253542613716
28, 7, 5465, 221.847, 0.413603543169, 0.262288114267
12, 3, 3259, 252.567, 0.258923743072, 0.154694775145
231, 38, 107600, 133.617, 0.352442473985, 0.294459500821
47, 18, 80733, 793.563, 0.201684853397, 0.31629788172
169, 25, 44723, 312.33, 0.103622950971, 0.0677415607176
58, 44, 42825, 189.26, 0.342496745565, 0.279738633406
27, 14, 19154, 286.497, 0.304240876707, 0.252821986795
287, 124, 167903, 139.95, 0.334184509855, 0.29970428623
219, 70, 102538, 174.723, 0.145060892886, 0.180480831045
1, 0, 383, 368.506, 0.376250813248, 0.248337650045
1, 0, 1276, 419.766, 0.33036357686, 0.126182391914
19, 7, 13149, 21922.99, 0.227626409138, 0.272041853302
64, 9, 21259, 187.107, 0.19055701323, 0.176279719991
8, 2, 9452, 14.007, 0.27160220572, 0.331076829988
26, 6, 6747, 244.204, 0.233449294416, 0.225664216182
268, 113, 148403, 21.277, 0.254633361239, 0.309389697527
273, 74, 176879, 20.496, 0.278391298078, 0.22166373558
60, 12, 30081, 403.476, 0.312118968477, 0.179633749058
923, 241, 199647, 20.904, 0.212741132598, 0.328054443007
396, 197, 386055, 248.57, 0.171997147542, 0.186911953805
50, 22, 26726, 150.777, 0.147667684137, 0.188737642484
2, 0, 527, 5912270.417, 0.118865397052, 0.0545298135445
72, 47, 18576, 334.857, 0.263845603209, 0.0830050547779
184, 71, 81771, 121.617, 0.288627619734, 0.202022874275
2, 0, 306, 249.96, 0.300304912439, 0.137569057083
288, 73, 181997, 5134.647, 0.323048510358, 0.318072142367
25, 9, 22124, 2141.49, 0.405387809587, 0.277579546339
0, 0, 2200, 399.033, 0.463205339792, 0.178904522409
22, 4, 17126, 1282.923, 0.243191198852, 0.236540473946
371, 137, 371822, 221.007, 0.304240876707, 0.243797551802
18, 0, 13098, 32.76, 0.252368426386, 0.252368426386
11, 3, 6841, 296.087, 0.27849088271, 0.250868167563
314, 134, 193934, 135.143, 0.169765266838, 0.169765266838
670, 107, 496518, 106.75, 0.220842244607, 0.279381872625
4, 1, 3098, 224.403, 0.265525106515, 0.261026907036
8, 0, 1391, 182.27, 0.343718975845, 0.211288395784
80, 24, 28840, 106.687, 0.280965831851, 0.263758773076
4, 0, 746, 101.62, 0.299014635527, 0.0992000048304
282, 104, 307661, 217.43, 0.198889491825, 0.225359969091
33, 4, 4745, 64.13, 0.274650741634, 0.298674136045
84, 64, 80395, 68.5, 0.306805643694, 0.152460090655
64, 7, 17731, 73.927, 0.171476946434, 0.0863231170063
246, 109, 110588, 101.993, 0.0724877386442, 0.107587534893
1, 0, 418, 143.46, 0.422722039048, 0.307527371111
1032, 1804, 1174381, 244.53, 0.35003625951, 0.332192172714
2, 0, 656, 292.203, 0.341103724247, 0.289079974534
2, 0, 1171, 696.184, 0.220278008204, 0.173219948126
5, 3, 4014, 367.79, 0.30940063077, 0.156549012884
5, 1, 3382, 238.277, 0.41154731117, 0.322874686213
1261, 918, 265414, 534.006, 0.425805646523, 0.199299655234
1, 0, 346, 3358.106, 0.387021966854, 0.0863876624174
6, 1, 2164, 717.527, 0.314918572648, 0.234070341643
8, 2, 11075, 311.36, 0.353311097166, 0.122246049891
253, 107, 155652, 100.167, 0.162947740317, 0.163831203717
8, 0, 1092, 246.154, 0.103310146517, 0.0867163021443
2, 0, 314, 84.13, 0.386170948343, 0.281914458263
27, 7, 5338, 26.88, 0.415619751085, 0.30681352693
0, 1, 5347, 385.667, 0.330704749361, 0.270329848991
6, 0, 2778, 241.957, 0.242225871843, 0.272837695583
3, 8, 19481, 814.11, 0.317973445504, 0.279374511205
3, 1, 737, 512.107, 0.128465938526, 0.200026686146
2, 1, 922, 1193.14, 0.196961370306, 0.141175174182
40, 6, 80241, 673.144, 0.337933245986, 0.252449400588
15, 7, 8943, 2814.15, 0.347606832245, 0.24966986613
2, 0, 4992, 6991.373, 0.208513998289, 0.193922116542
7, 4, 9147, 268.604, 0.178529354514, 0.30681352693
26, 35, 2890, 220.88, 0.315290994932, 0.0206029172799
20, 4, 5945, 168.077, 0.28454574733, 0.257904991697
21, 9, 23996, 541.667, 0.223706734143, 0.118032664952
8, 3, 10508, 2488.544, 0.360013565686, 0.27768240005
35, 6, 13555, 372.297, 0.353632122018, 0.272798703631
4, 0, 2411, 333.763, 0.0616181034479, 0.184142568726
20, 6, 8298, 3676.6, 0.272260783836, 0.240049078437
197, 95, 203759, 80.557, 0.392734436873, 0.276831159632
55, 7, 30239, 38.564, 0.238945953915, 0.254452117427
5, 2, 2301, 183.003, 0.35003625951, 0.27128176262
1029, 595, 334262, 328.35, 0.30681352693, 0.169579108268
9, 2, 688, 275.497, 0.601360046656, 0.264572681134
14, 2, 16246, 834.164, 0.244997024998, 0.221204773486
9, 2, 11005, 1445.046, 0.315190147869, 0.0625373424781
15, 9, 5716, 450.857, 0.346434319145, 0.280197671024
28, 13, 15708, 3411.483, 0.280844048684, 0.314900677866
173, 29, 229848, 90.743, 0.246614297203, 0.29635217032
80, 63, 40782, 946.014, 0.316657257928, 0.273871918936
2, 0, 2275, 484.46, 0.251329832691, 0.332963927604
6, 4, 9154, 839.597, 0.200497057458, 0.28658698864
353, 68, 351293, 247.466, 0.328483364651, 0.307467695571
11, 6, 32428, 849.13, 0.37013748065, 0.259144501036
344, 116, 162532, 198.167, 0.437719992056, 0.331996829571
12, 4, 2378, 1000.607, 0.313711632839, 0.222781369866
8, 0, 54636, 606.784, 0.228966135689, 0.0801569481971
40, 18, 16884, 11.7, 0.156516196171, 0.283273724661
22, 9, 36975, 343.903, 0.373412235095, 0.255488855742
62, 43, 124884, 2266.35, 0.352684358877, 0.202232700146
125, 61, 59566, 724.64, 0.239352209068, 0.311427652083
19, 13, 5459, 151.603, 0.611673581876, 0.198777525206
17, 11, 4499, 2043.223, 0.322284069459, 0.296470862779
4, 1, 1928, 141.51, 0.329347375214, 0.299704484136
23, 3, 34530, 35.087, 0.217474842612, 0.2923013695
1241, 251, 882172, 115.643, 0.357314697105, 0.22048427761
7, 6, 5586, 292.22, 0.186812991127, 0.283193289481
26, 8, 9102, 144.973, 0.696319687792, 0.218248729414
30, 8, 13205, 392.907, 0.290156094036, 0.303205053862
55, 21, 127685, 165.36, 0.247922553363, 0.239294943996
214, 23, 81076, 67.69, 0.296872721438, 0.190810464096
144, 65, 55730, 118.716, 0.418710172476, 0.193019456288
54, 20, 56335, 55.1, 0.30681352693, 0.275199591896
5, 2, 3594, 213.253, 0.27076486558, 0.210564619925
17, 3, 3038, 181.1, 0.269475260644, 0.183492726453
341, 87, 138560, 218.977, 0.418530130186, 0.0402129878072
1296, 526, 209488, 235.45, 0.24687675192, 0.314409907037
14, 2, 10117, 541.164, 0.277207668377, 0.264464197633
11, 1, 9770, 217.933, 0.272260783836, 0.289888510262
0, 1, 836, 265.467, 0.30681352693, 0.294467393288
4, 7, 9821, 2629.927, 0.30681352693, 0.332242097408
5, 2, 6897, 546.72, 0.583628162104, 0.202657050062
520, 128, 246093, 117.984, 0.363556450374, 0.320511810138
21, 9, 21823, 316.513, 0.407211397265, 0.261683664011
4, 1, 498, 3265.973, 0.333224101432, 0.218733859106
2230, 416, 1308779, 48.22, 0.208134500415, 0.204811886761
3, 0, 2264, 557.39, 0.330905392875, 0.0617680141502
18, 3, 2537, 204.686, 0.0619732233734, 0.212496331914
2, 1, 1662, 123.584, 0.283395991922, 0.202088395561
15, 2, 11021, 175.546, 0.369317579416, 0.312805320962
17, 2, 4687, 7.083, 0.40856901374, 0.150303687475
497, 158, 123396, 110.713, 0.101948229193, 0.191380562203
3, 1, 1570, 5380.99, 0.442027712025, 0.253029456053
0, 0, 737, 13862.497, 0.30681352693, 0.292170939974
38, 15, 41524, 1977.19, 0.229078498349, 0.303256071772
1, 0, 2736, 386.573, 0.19738368523, 0.229913039481
17, 7, 3971, 138.577, 0.220720996914, 0.206494236493
2, 1, 1973, 207.607, 0.30681352693, 0.18739261978
35, 10, 29190, 626.627, 0.365306701014, 0.219865250648
51, 13, 56391, 365.727, 0.307256929581, 0.230365909839
1, 0, 290, 106.61, 0.304240876707, 0.0726258390842
3, 1, 563, 375.633, 0.0887723896988, 0.106294312257
18, 15, 18149, 731.75, 0.271947774685, 0.218083079493
228, 148, 88425, 552.846, 0.132962294688, 0.132962294688
3, 1, 1362, 5857.043, 0.0768151149179, 0.133396777619
3, 1, 319, 95.74, 0.30681352693, 0.319636420407
0, 0, 380, 457.083, 0.280217636992, 0.137678710531
5, 6, 2368, 2518.03, 0.304240876707, 0.296737387445
10, 10, 3046, 1476.143, 0.314918572648, 0.138315193108
1, 0, 1548, 201.04, 0.388036174936, 0.181337322383
34, 13, 10485, 87.61, 0.329508322026, 0.140048111885
34, 8, 15643, 110.043, 0.360871980621, 0.307481695435
38, 3, 15136, 5446.044, 0.223960959135, 0.196099392002
13, 8, 3876, 5207.72, 0.157086826436, 0.130772938918
12, 8, 14000, 359.097, 0.354407911068, 0.159352846159
93, 17, 94959, 162.087, 0.36796428726, 0.234593528158
123, 116, 34064, 319.706, 0.203527610681, 0.122211045364
21, 13, 9836, 184.08, 0.356881309875, 0.263532160536
9, 0, 9436, 1658.133, 0.304240876707, 0.168409862183
2, 0, 2546, 1388.096, 0.308869139197, 0.141935231441
8, 4, 528, 1619.853, 0.321869868834, 0.110071451144
0, 0, 670, -1, 0.23467534733, 0.166925751596
9, 6, 9685, 1017.174, 0.208679178657, 0.253105263857
15, 4, 10227, 512.166, 0.236181646445, 0.268177706693
0, 0, 730, 427.35, 0.338640014273, 0.299087411021
23, 4, 13416, 212.94, 0.228963718756, 0.270424646983
12, 5, 9963, 78.313, 0.234144706545, 0.263562349275
11, 6, 26300, 216.983, 0.181823870033, 0.308395747468
2, 0, 349, 173.05, 0.409155228264, 0.331347720848
0, 0, 976, 3073.983, 0.272260783836, 0.323384619896
6, 1, 1238, 1053.833, 0.0882663603389, 0.319935000466
8, 4, 1929, 531.617, 0.158194408834, 0.271170967202
30, 5, 28377, 48.314, 0.30681352693, 0.24740916609
9, 1, 2833, 457.89, 0.382958503731, 0.226726726471
10, 3, 1972, 442.07, 0.378790340893, 0.255763738782
3, 1, 676, 307.99, 0.319592205176, 0.290597674049
19, 2, 6686, 316.663, 0.374831680217, 0.294002444397
37, 14, 18958, 156.483, 0.245782491444, 0.301854798313
10, 2, 2052, 708.77, 0.238434278099, 0.241387187715
318, 91, 139988, 109.324, 0.254452117427, 0.253084059369
122, 48, 52708, 282.736, 0.321355411617, 0.139093048088
3, 1, 1685, 248.993, 0.178026508725, 0.293172236938
36, 16, 29649, 119.03, 0.202277895799, 0.214919635222
102, 33, 61058, 128.153, 0.230750998298, 0.146225984878
21, 2, 14170, 105.86, 0.209582280666, 0.138538687573
65, 15, 49216, 137.247, 0.305465279352, 0.252491162229
38, 16, 26641, 340.517, 0.331967030914, 0.331967030914
6, 2, 1080, 259.567, 0.29873674181, 0.255449357287
2, 0, 368, 126.313, 0.30681352693, 0.283051905679
12, 1, 40631, 631.01, 0.309390337607, 0.260436603112
2, 2, 391, 5177.27, 0.366406690983, 0.331910426752
10, 1, 19044, 298.523, 0.230765308859, 0.301243259041
1, 1, 1281, 683.8, 0.346976782736, 0.310619440312
3, 0, 744, 492.34, 0.30598983459, 0.203778798264
98, 29, 84043, 361.61, 0.30681352693, 0.0891522322801
6, 4, 1660, 609825.43, 0.209460048705, 0.109080253809
386, 57, 237851, 458.44, 0.155050256494, 0.194262314028
12, 14, 20758, 111.684, 0.204676493266, 0.219281659887
10, 1, 1960, 82.946, 0.416877438713, 0.218479275725
2, 1, 2090, 1653.563, 0.128856197558, 0.3194865838
11, 4, 6514, 1505.237, 0.369094834871, 0.245846977631
2, 1, 833, 547.673, 0.215530962471, 0.329287677176
38, 21, 13683, 1393.23, 0.426446315677, 0.276023362406
229, 80, 31040, 511.98, 0.266785668716, 0.211801939826
0, 0, 1122, 1540.886, 0.248987844343, 0.250213615119
77, 57, 17576, 424.107, 0.322116959262, 0.232953362262
1, 0, 664, 2051.756, 0.254452117427, 0.254452117427
1220, 835, 528372, 201.037, 0.338492876784, 0.259876033165
16, 5, 19422, 49.22, 0.313721105174, 0.269971235557
14, 2, 829, 257.37, 0.295107715483, 0.0548413481635
13, 1, 3356, 737.91, 0.332387885145, 0.332387885145
2, 1, 720, 24308.25, 0.182945935486, 0.191641719433
8, 1, 5263, 510.087, 0.235117063034, 0.242393943331
7, 1, 19794, 6085.217, 0.243751483261, 0.229924118434
5, 0, 1708, 215.204, 0.27729932921, 0.302284405195
26, 7, 42982, 211.43, 0.2232012031, 0.268105215941
29, 15, 41603, 188.527, 0.298471112359, 0.161338339603
56, 8, 7221, 225.873, 0.421349158751, 0.128927848924
4, 0, 956, 165.19, 0.338532327786, 0.309833274656
38, 22, 12865, 272.58, 0.356095271713, 0.29409983932
1, 2, 350, 105.393, 0.257603126423, 0.332823133069
2, 2, 10051, 425.37, 0.29957936665, 0.257084868647
2, 0, 2611, 170.823, 0.5, 0.249883999402
6, 2, 1210, 395.82, 0.365395872922, 0.294827106173
7, 2, 8168, 121.04, 0.147667684137, 0.32303906768
3, 0, 1487, 530.59, 0.30681352693, 0.169386689618
6, 1, 4529, 503.837, 0.434669813934, 0.28975056958
466, 100, 458715, 119.764, 0.303991497394, 0.246653083417
39, 21, 63355, 153.944, 0.241414753991, 0.301488796243
41, 16, 12336, 307.477, 0.284315849264, 0.0829155571514
45, 24, 24605, 683.27, 0.269089684151, 0.293316388794
1, 0, 1617, 726.17, 0.33929824815, 0.26317538257
67, 23, 12670, 529.016, 0.153283521725, 0.262835086501
27, 7, 21749, 109.34, 0.150516934037, 0.306786231414
2, 0, 596, 103.227, 0.30563260635, 0.285167772252
0, 0, 3927, 1232.3, 0.333298270919, 0.119218832731
10, 6, 32752, 1309.877, 0.185662847636, 0.280889177468
19, 5, 2579, 360.19, 0.258422165065, 0.277043614574
0, 0, 1445, 825.107, 0.274176459515, 0.32140503806
8, 1, 1517, 221.443, 0.334269015513, 0.269133752784
8, 0, 5066, 378.86, 0.30698840438, 0.288911065753
508, 204, 138398, 82.414, 0.248456426928, 0.261986257265
171, 80, 78060, 170.6, 0.0870463600589, 0.0696145711011
2, 0, 1378, 334.166, 0.34074926003, 0.255630777044
54, 22, 70350, 305.137, 0.310646820489, 0.199235500025
6, 7, 5173, 139.854, 0.358186561233, 0.230146143767
36, 15, 9545, 522.786, 0.425426520893, 0.322866510991
7, 0, 2819, 201.117, 0.310969582314, 0.202132205667
7, 0, 3551, 587.166, 0.256759118291, 0.155648987902
4, 3, 2163, 124.927, 0.0588680553666, 0.238734197868
1, 0, 294, 567.937, 0.4121127931, 0.247492502631
10, 4, 5300, 229.493, 0.213810255047, 0.316400188093
1, 0, 447, 635.186, 0.300928205085, 0.254911652074
0, 2, 1989, 69.107, 0.249348342109, 0.187651578379
2, 0, 2380, 473.056, 0.30681352693, 0.221586201816
7, 6, 4775, 143.427, 0.30681352693, 0.267204550655
4, 2, 1115, 386.523, 0.29033731255, 0.167813394375
1, 1, 1192, 1599.306, 0.0971595890438, 0.194831716795
7, 0, 16035, 183.614, 0.328649636122, 0.308987296029
-1, 0, 637, 246.993, 0.188257175232, 0.222588195079
123, 92, 41055, 224.36, 0.142439340477, 0.186697832115
5, 2, 3105, 9088.526, 0.29033731255, 0.230826753745
7, 1, 1984, 411.827, 0.302555940678, 0.287384500526
1, 0, 348, 219.493, 0.28543019941, 0.301656489136
39, 12, 51084, 863.124, 0.33283845704, 0.130765949613
19, 10, 5814, 765.404, 0.255498772867, 0.139459333657
1, 0, 2012, 464364.496, 0.252258638089, 0.252258638089
15, 5, 20123, 350.333, 0.393336472579, 0.320231341098
65, 14, 33199, 390.19, 0.115128303296, 0.264633174336
15, 2, 1616, 605.16, 0.204298778654, 0.0883249845842
4, 1, 417, 540.996, 0.262050453437, 0.276001707262
2, 0, 5389, 1272.233, 0.443928556432, 0.0977788848636
15, 5, 7544, 130.76, 0.0898936318888, 0.196785267993
3, 0, 831, 3472.067, 0.319985291682, 0.227655526932
38, 43, 21887, 139.153, 0.365395872922, 0.270760808437
3, 1, 2729, 322.737, 0.266666452415, 0.217710307805
3, 0, 2801, 1184.33, 0.371434146181, 0.306950051988
470, 302, 163951, 466.99, 0.272260783836, 0.249617912702
1, 1, 741, 282.813, 0.334411832023, 0.274882085678
11, 5, 2985, 109.546, 0.24359816866, 0.262205617112
1, 0, 130, 457.207, 0.263770899253, 0.30681352693
6, 2, 10378, 393.39, 0.370434988302, 0.305836739698
6, 0, 1044, 124.924, 0.0630683772014, 0.258135470929
354, 168, 322821, 239.4, 0.298006216526, 0.278639491634
37, 22, 12249, 59.063, 0.693614126373, 0.17339206731
10, 5, 3457, 5189.67, 0.346765792479, 0.272347596753
16, 3, 6440, 3015.17, 0.173718303929, 0.241166101456
149, 90, 121365, 110.653, 0.231733466478, 0.288967077298
4, 2, 1244, 465.07, 0.274176459515, 0.329169455632
3, 1, 8850, 6531.81, 0.282963659693, 0.3143447421
1, 1, 347, 727.276, 0.30681352693, 0.30681352693
13, 2, 2144, 354.42, 0.387383362741, 0.175823941626
33, 12, 20026, 509.827, 0.37256561671, 0.0864786245584
10, 4, 12324, 313.25, 0.323377859582, 0.327818134974
511, 69, 273298, 320.02, 0.191874552922, 0.227423855377
1, 3, 707, 5004.433, 0.184861951506, 0.28924101474
2, 0, 739, 4454.53, 0.344765248251, 0.302425728879
12, 1, 5020, 248.244, 0.350628826483, 0.309651703078
1, 0, 2516, 305.107, 0.226024544674, 0.281518777088
5, 0, 5031, 195.343, 0.322969527296, 0.300246606027
6, 3, 7935, 1353.993, 0.226081998839, 0.19844481129
146, 51, 91036, 1058.996, 0.335038657149, 0.299019163935
2, 0, 1877, 203.503, 0.370904133124, 0.10062766743
81, 76, 155981, 724.33, 0.379328081383, 0.319913692337
839, 143, 685878, 389.033, 0.404117908928, 0.22741325153
2, 0, 342, 290.164, 0.274790240209, 0.114242003701
2, 1, 357, 192.646, 0.442343968202, 0.302185356696
7, 4, 2772, 4218.004, 0.328894577506, 0.154508108189
14, 13, 6625, 274.204, 0.304240876707, 0.224436486866
4, 0, 3970, 621.024, 0.337831253431, 0.327928736159
-2, 0, 2595, 1649.303, 0.304240876707, 0.263952119767
12, 2, 24659, 149.2, 0.202799034508, 0.22557238807
1, 0, 2129, 724.984, 0.309390337607, 0.239072717936
2, 0, 2490, 220.633, 0.371563394175, 0.276418164278
4, 2, 357, -1, 0.473709149797, 0.285129619918
7, 1, 9684, 277.073, 0.180552891665, 0.0932405777616
2, 2, 2378, 83997.413, 0.363224209397, 0.315663123627
10, 8, 1560, 223.924, 0.359268901445, 0.309587837885
47, 6, 28252, 452.09, 0.357314697105, 0.307674756847
118, 18, 93309, 593.646, 0.182418755056, 0.110336389599
22, 15, 6723, 420.797, 0.363724838169, 0.305560052848
1, 0, 207, 648.216, 0.168387498275, 0.307069853712
21, 6, 18961, 51190.857, 0.298383661736, 0.291722019548
3, 2, 1340, 710.96, 0.375195469701, 0.31472024669
18, 9, 73509, 166.61, 0.304240876707, 0.179541364824
4, 0, 4269, 192.85, 0.42337309651, 0.258728546025
22, 11, 6180, 3510.227, 0.367662995065, 0.153754526577
28, 13, 8807, 371.107, 0.369741998358, 0.0497712817553
3, 0, 2751, 375.973, 0.5, 0.310707763903
11, 1, 11222, 312.31, 0.279403013524, 0.195426780444
0, 0, 704, 471.917, 0.328894577506, 0.108012495704
118, 25, 115242, 48.47, 0.36723794756, 0.297306941672
8, 2, 4850, 329.07, 0.109760337675, 0.191470878839
0, 0, 636, 814.574, 0.299991988321, 0.240217407193
10, 9, 10353, 593.787, 0.251877836255, 0.102701644132
1, 0, 3496, 86.64, 0.630929216174, 0.235576273972
17, 6, 22559, 362.81, 0.389941835201, 0.315243638864
24, 11, 30172, 413.717, 0.360476302229, 0.181744890098
164, 117, 48295, 1122.554, 0.381364954088, 0.308834388648
202, 295, 34276, 627.45, 0.275546025261, 0.293644647014
2, 0, 10030, 719.557, 0.468427463365, 0.21010168824
20, 19, 8741, 11857.324, 0.279753464741, 0.234122875123
47, 69, 29424, 278.43, 0.439697796088, 0.28711563059
1, 0, 1816, 1064.037, 0.112623170701, 0.298235810885
7, 1, 5318, 1731.563, 0.26185005542, 0.240698708665
16, 8, 3084, 423.84, 0.184926813613, 0.183946672357
0, 0, 1799, 136.207, 0.403915708688, 0.295897594517
13, 8, 8679, 3948.68, 0.345297431917, 0.0912177413506
1, 1, 735, 121.914, 0.110337504585, 0.0273546124358
50, 15, 22894, 181.864, 0.133576209724, 0.295047414947
0, 0, 316, 626.013, 0.462635530326, 0.121382656312
45, 17, 32602, 303.843, 0.484099218565, 0.327985722762
180, 61, 175817, 170.273, 0.221418279947, 0.0638460481909
26, 6, 4602, 360.657, 0.30681352693, 0.216334786876
12, 3, 12628, 269.337, 0.22188063933, 0.280101162654
-3, 0, 201, 811.237, 0.479672552285, 0.19066169369
3, 1, 3291, 270.223, 0.335655972282, 0.270531098721
8, 9, 3435, 1955.957, 0.308869139197, 0.116475713698
1, 1, 327, 441.7, 0.382499487168, 0.2448401947
1, 0, 540, 392.094, 0.360304571689, 0.332671230065
2, 0, 4419, 395.896, 0.343038082237, 0.297246742012
5, 2, 7456, 1569373.19, 0.337551278035, 0.29172591978
26, 1, 35754, 348.99, 0.246483459135, 0.21864787539
1, 2, 254, 238.383, 0.226242988332, 0.327839485712
4, 1, 540, 712.796, 0.32799924101, 0.117235646829
1, 0, 627, 685.23, 0.360721013954, 0.224184322677
96, 52, 24051, 110.51, 0.284827301035, 0.132446899333
4, 1, 3752, 291.033, 0.272260783836, 0.25716455499
1, 1, 728, 1333.357, 0.314241286623, 0.17490371141
0, 0, 390, 203.517, 0.304240876707, 0.191525337164
17, 6, 10578, 957.223, 0.125158590961, 0.270542109489
7, 2, 1756, 188.93, 0.291219341591, 0.103116537859
13, 15, 1997, 21045.517, 0.294315330182, 0.231535665891
25, 18, 9464, 312.983, 0.251830549244, 0.304323804448
12, 0, 10725, 764.39, 0.355474089335, 0.31664346924
6, 1, 1455, 912.62, 0.2528437058, 0.30220799472
11, 2, 3877, 119.247, 0.306260921449, 0.303817158779
44, 32, 16821, 1360.39, 0.365395872922, 0.224556886189
26, 6, 8391, 425.384, 0.113898843663, 0.108201995678
66, 9, 17725, 156.983, 0.212034798358, 0.315547678043
20, 6, 9720, 802.89, 0.569387521574, 0.227958583884
12, 0, 2390, 249.743, 0.149237738305, 0.13935006911
3, 2, 460, 97.11, 0.590689204856, 0.191094991995
9, 0, 2488, 83.18, 0.350322945923, 0.244539726001
13, 11, 15713, 148252.38, 0.211882342997, 0.253907752863
4, 0, 2451, 265.14, 0.27128251198, 0.282743565413
3, 0, 518, 230.477, 0.199509209967, 0.329622551899
0, 1, 440, 385.2, 0.297797713174, 0.233156755352
10, 1, 20966, 269.806, 0.341715940743, 0.134635719337
12, 2, 756, 488.987, 0.0878588660626, 0.0638221443039
24, 12, 17748, 948.846, 0.493176581658, 0.291007375346
3, 2, 493, 480.857, 0.309506343047, 0.284671200146
1, 0, 1121, 2052.647, 0.337831253431, 0.232325262987
8, 1, 10767, 1248.367, 0.360726377865, 0.328663758128
131, 43, 45758, 151.074, 0.272022900754, 0.227683804051
3, 0, 320, 7154.894, 0.12219756339, 0.249659590927
3, 3, 3673, 377.833, 0.408360665377, 0.0983048782575
4, 0, 388, 4093.577, 0.254486575571, 0.228189183135
1, 0, 239, -1, 0.305991797737, 0.328222788193
9, 5, 2043, 347.676, 0.356395202537, 0.209213179812
2, 0, 1817, 25944.883, 0.247214839968, 0.136229520187
3, 1, 901, 25261.227, 0.212611080203, 0.232225461344
7, 0, 6691, 328.897, 0.311975726708, 0.109543070222
25, 18, 5524, 577.75, 0.118341066015, 0.0176721210036
257, 112, 168864, 354.854, 0.350085883179, 0.273118380668
551, 300, 464333, 166.67, 0.215522659338, 0.228878277943
1, 0, 191, 50278.624, 0.357973837269, 0.23410280474
2, 0, 369, 126.267, 0.461653617708, 0.173723878228
1, 0, 2800, 103.04, 0.2896656881, 0.320397007382
22, 11, 40501, 288.613, 0.390737410397, 0.295933980269
40, 15, 22123, 429.61, 0.0667560128867, 0.178708050576
1, 0, 1829, 174.767, 0.310303224154, 0.147679977314
2, 1, 2948, 136.64, 0.173879543687, 0.229222315867
156, 25, 126976, 121.774, 0.337288110419, 0.255263245668
-2, 0, 418, 134.16, 0.320003256634, 0.322072710832
14, 5, 6883, 523.866, 0.242641926225, 0.261978450226
4, 2, 962, 900.03, 0.129864823658, 0.262449439573
1, 0, 3913, 23926.247, 0.37141191174, 0.319846679681
6, 1, 2672, 3121.69, 0.223497530482, 0.29370734379
877, 154, 814440, 161.787, 0.203854312163, 0.245577666784
6, 2, 3397, 234.704, 0.280844048684, 0.248770458392
1, 2, 1659, 823.356, 0.398554911128, 0.323018824362
1, 0, 1200, 156.826, 0.233769513515, 0.193994020547
1, 0, 1490, 756.943, 0.30681352693, 0.276087744522
15, 7, 3951, 64.316, 0.377180124236, 0.311570909672
5, 2, 17436, 392.42, 0.306805643694, 0.066833288434
10, 3, 10856, 208.307, 0.304240876707, 0.291228925841
30, 31, 5684, 320.567, 0.317482796532, 0.317482796532
1, 0, 1369, 837.597, 0.247462702644, 0.159511211519
5, 3, 1210, -1, 0.239839880739, 0.236509100448
7, 5, 23301, 367.394, 0.192966892053, 0.250242069683
97, 30, 36251, 498.903, 0.20795450536, 0.297375570689
4, 2, 9802, 375.523, 0.168588804929, 0.228020934358
2, 1, 2519, 1680.183, 0.258050394797, 0.106932952438
266, 124, 354479, 422.086, 0.376473144785, 0.283643464953
1, 2, 1600, 1199.703, 0.346828571383, 0.330120503689
1, 0, 169, 373.73, 0.202383582632, 0.30681352693
3, 0, 920, 305.917, 0.321333276464, 0.230684372828
461, 210, 147747, 33.62, 0.222338255493, 0.191010493721
4, 1, 569, 197.527, 0.332419339369, 0.161923631629
3, 0, 2880, 490.264, 0.30681352693, 0.304208490289
577, 168, 214215, 255.28, 0.380963211489, 0.309901578359
8, 2, 1307, 632.07, 0.16628400714, 0.182421576108
16, 5, 14290, 285.607, 0.0639183734881, 0.0639183734881
0, 0, 2128, 741.02, 0.340969342984, 0.300014883037
1, 0, 985, 1100.6, 0.313932826094, 0.285389892935
16, 7, 5613, 1024.18, 0.281987524681, 0.205941033588
4, 3, 279, 3438.28, 0.330316731339, 0.278032419829
1, 0, 1151, 13961.044, 0.30681352693, 0.0715797146809
1, 0, 309, 249.787, 0.264805068585, 0.227958984699
0, 0, 727, 3866.064, 0.305041211964, 0.28402672267
1, 1, 473, 344.997, 0.363016407017, 0.160048633787
158, 80, 235422, 550.963, 0.379953796854, 0.290573659891
0, 0, 1368, 1234.357, 0.362677951343, 0.243051021525
20, 6, 4478, 503.073, 0.0729573261064, 0.142617432101
3, 3, 8590, 711.583, 0.30681352693, 0.243090348485
191, 50, 366701, 151.617, 0.174195499083, 0.2221685368
0, 0, 1550, 3877.75, 0.328649636122, 0.183370834173
0, 1, 1312, 243.686, 0.272260783836, 0.2618488967
1, 1, 3656, 4065.26, 0.308869139197, 0.332728027183
5, 1, 4385, 169.9, 0.146399250064, 0.203404702835
9, 2, 8925, 113.1, 0.304240876707, 0.151769783315
1, 0, 925, 2547.637, 0.243168742309, 0.289114759949
22, 11, 15690, 782.636, 0.279635996603, 0.231804280572
-2, 0, 31228, 345.604, 0.186944644559, 0.322804458063
1, 0, 1206, 149.853, 0.376028226288, 0.0577895224247
0, 0, 215, 287.68, 0.108008697092, 0.307068045541
1, 0, 1786, 1833.953, 0.314470506101, 0.150080669367
2, 0, 867, 1073.453, 0.265538783738, 0.227872394167
1, 0, 712, 1003.074, 0.31461633478, 0.155345212167
7, 3, 8617, 540.356, 0.408017908784, 0.240185808015
190, 21, 132761, 158.997, 0.228041740035, 0.228041740035
7, 5, 3036, 424.087, 0.367122248517, 0.237601576349
6, 6, 8142, 256.53, 0.162993685553, 0.146301758099
3, 0, 888, 492585.28, 0.415905882896, 0.247988575985
0, 0, 2789, -1, 0.275200644681, 0.211130999708
3, 7, 4399, 243.28, 0.304240876707, 0.234685649914
0, 0, 574, 3398.804, 0.291608085831, 0.235226848388
7, 1, 4085, 137.186, 0.129737529361, 0.243234618098
1, 0, 2774, 227.59, 0.28806826005, 0.141395025627
1653, 728, 665609, 203.223, 0.211121279824, 0.308024802174
33, 10, 39280, 1156.404, 0.30681352693, 0.171525744793
4, 3, 1073, 369.864, 0.55442976556, 0.30681352693
12, 6, 15771, 95.38, 0.249664085896, 0.307214843628
3, 0, 705, 116.113, 0.249399235643, 0.24029631808
2, 2, 5639, 365.837, 0.285205498908, 0.283332400336
2, 2, 4473, 749.21, 0.30681352693, 0.198716536625
0, 1, 3091, 157.233, 0.290973574643, 0.25096788333
17, 2, 13058, 4088.94, 0.33036357686, 0.177467337945
26, 9, 66700, 62.79, 0.264849503751, 0.28707715103
2, 0, 1098, 1264.66, 0.267179845425, 0.221574899193
3, 0, 1164, 83.803, 0.30681352693, 0.30195333582
1, 1, 1097, 145251.617, 0.377157428262, 0.186504566584
1, 0, 1632, 2809.187, 0.33661884735, 0.251542432
2, 0, 386, 555.296, 0.37588503245, 0.200885121994
1, 0, 1646, 5782.907, 0.322789340749, 0.186194902691
1, 0, 299, 258.057, 0.33906349227, 0.18275911943
1, 0, 1390, 382541.22, 0.319091371303, 0.319091371303
1, 0, 1242, 549.9, 0.285857230869, 0.132619074465
0, 0, 81, 283.08, 0.199800327855, 0.261180842752
5, 0, 3228, 457.627, 0.29033731255, 0.221465043207
123, 46, 43466, 172.287, 0.257024009526, 0.257024009526
2, 0, 1216, 262.753, 0.243576984726, 0.331825904598
1, 0, 1162, 856.613, 0.353544399121, 0.143034554067
4, 0, 8797, 198.977, 0.305938797376, 0.297424941136
0, 0, 606, 2170.913, 0.280167735205, 0.310130733231
3, 0, 566, 506.577, 0.279944839455, 0.0579042602157
2, 0, 578, 1660.853, 0.0741187085454, 0.177507650074
27, 6, 22687, 632.83, 0.257860017693, 0.282603079652
6, 1, 12585, 452.526, 0.163243899916, 0.224794066263
86, 79, 17564, 380.813, 0.153605297909, 0.0925073642593
3, 0, 1103, 147.887, 0.304240876707, 0.143130532016
17, 6, 8185, 375.527, 0.142728538836, 0.237547137779
2, 1, 1253, 209.417, 0.244533204808, 0.146931645225
2, 0, 318, 2530.35, 0.394931609568, 0.187883062954
8, 2, 2413, 3150.313, 0.334923748645, 0.249692708915
21, 5, 48997, 380.64, 0.372581397817, 0.318769582082
225, 83, 53292, 224.453, 0.19494755835, 0.104916662655
2, 1, 614, 1066.424, 0.0829870906976, 0.0644079473537
24, 28, 45292, 205.517, 0.27840170003, 0.27363336471
13, 12, 6013, 158.28, 0.252584637986, 0.243867496335
1, 0, 924, 4804.94, 0.280844048684, 0.292799162949
2, 0, 2837, 219.773, 0.30681352693, 0.30239056961
279, 57, 320097, 374.37, 0.193127911834, 0.240660969719
587, 86, 563635, 197.993, 0.184099038687, 0.26085334065
3, 2, 413, 891.42, 0.370074165618, 0.30681352693
2, 0, 1433, 1839.254, 0.289394851132, 0.196478762077
0, 0, 462, 263290.016, 0.231073622766, 0.31525865814
707, 326, 172575, 509.733, 0.304586554726, 0.0887996032779
1, 1, 13575, 83.006, 0.263879962075, 0.267257647385
2, 2, 1341, 229.54, 0.341295656226, 0.238983486969
32, 17, 76039, 493.323, 0.259582186687, 0.265922239195
14, 8, 1220, 452.01, 0.305952786196, 0.125012872796
3, 0, 334, 276.48, 0.41392143005, 0.0424492279806
52, 11, 30413, 177.607, 0.357581192334, 0.180756353075
82, 31, 65467, 181.196, 0.105147417393, 0.103691718177
73, 29, 80843, 166.89, 0.275976452491, 0.306015143246
10, 4, 2069, 2798.02, 0.409546149492, 0.128866671461
2, 1, 1751, 409.13, 0.36629780798, 0.096597030967
0, 1, 395, 899.793, 0.304240876707, 0.192325224494
2, 0, 3887, 11469.48, 0.321724173328, 0.184957818129
24, 7, 9319, 324.496, 0.30946855363, 0.243847569433
1, 0, 762, 3552.773, 0.146434747348, 0.214245678686
1, 0, 1686, 315.48, 0.304240876707, 0.248873462127
8, 1, 705, 213.987, 0.304240876707, 0.25657407385
3, 1, 1417, 211.49, 0.41259835994, 0.272223427938
4, 0, 6940, 161.477, 0.218136862931, 0.200174331919
0, 0, 537, 2424.38, 0.303827820583, 0.312574367454
1, 1, 463, 414.227, 0.650572596636, 0.226452740241
4, 1, 10881, 489.747, 0.221016809565, 0.250621404208
7, 3, 557, 517.937, 0.343252455381, 0.305026122003
6, 2, 26216, 348.487, 0.313249251425, 0.225590770439
1, 0, 163, 306.307, 0.33312060411, 0.230713687563
1, 1, 4030, 156.874, 0.166413461091, 0.164721747876
5, 3, 16430, 149.183, 0.30070876617, 0.130239088834
3, 4, 9649, 152.8, 0.174358055875, 0.307001947562
5, 1, 1658, 90.467, 0.484537355858, 0.292970413342
90, 16, 95996, 118.453, 0.212815149865, 0.204191980811
35, 5, 27478, 6548.766, 0.220999269987, 0.212563228615
15, 1, 16949, 1700.783, 0.283665756661, 0.281458346959
9, 5, 42957, 453.383, 0.304240876707, 0.291595917198
3, 0, 4662, 210.04, 0.15771308599, 0.196510000833
4, 3, 23412, 242.02, 0.333562762962, 0.141023816152
0, 1, 5786, 92.9, 0.256759118291, 0.296143234385
1, 1, 1420, 334.167, 0.420254741804, 0.219737958407
47, 19, 6668, 402.916, 0.316650530338, 0.0842930373439
5, 1, 13680, 1104.717, 0.304240876707, 0.267215441134
15, 10, 5893, 920.884, 0.329224058688, 0.309910403689
2, 0, 2167, 1656.08, 0.284827301035, 0.234705113691
10, 5, 2134, 260.287, 0.12364349629, 0.180533498189
4, 0, 2345, 8430.397, 0.345169333831, 0.216633228615
5, 2, 3080, 1148.177, 0.277835333403, 0.132083762238
1, 0, 570, 1453.107, 0.389941835201, 0.312215268588
1, 0, 251, 15173.62, 0.210115279927, 0.320599342429
43, 32, 12334, 2478.59, 0.17147488025, 0.176248795594
1, 1, 885, 291.72, 0.377535022614, 0.296299209102
3, 1, 182, 241.503, 0.284386121787, 0.130641659014
4, 0, 2197, 100.87, 0.519595925283, 0.177102004014
4, 0, 920, 234.843, 0.342174810281, 0.14044669672
1, 0, 858, 790.546, 0.358186561233, 0.117947041559
11, 7, 12757, 255.543, 0.161334828552, 0.123946589447
13, 6, 24995, 179.4, 0.358186561233, 0.179491590144
2, 0, 3537, 99300.043, 0.0603482296608, 0.0845122175325
3, 0, 1435, 250.926, 0.314896606803, 0.246443020888
1, 0, 402, 66.673, 0.370205618575, 0.308288731324
0, 0, 1129, 189.976, 0.30838782338, 0.135348709949
3, 0, 22744, 152.71, 0.214672024755, 0.322294648143
82, 17, 85322, 497.953, 0.142915258915, 0.267169869163
10, 5, 10007, 171.68, 0.103909713414, 0.202847476734
2, 1, 6915, 927.52, 0.283015352908, 0.283015352908
1, 0, 671, 8185.933, 0.277407239631, 0.23349273571
109, 17, 68408, 104.94, 0.283395991922, 0.243938815292
24, 5, 12815, 307.947, 0.446680739818, 0.0861294024241
9, 3, 2183, 829.957, 0.224113854435, 0.282191722396
2, 0, 442, 448.907, 0.288275850255, 0.161521501464
4, 5, 4955, 337.086, 0.321612827851, 0.244821755045
8, 5, 20618, 137.406, 0.14000396899, 0.319840556339
4, 0, 7626, 30844.097, 0.365395872922, 0.268982433344
60, 21, 41887, 155.516, 0.206684050165, 0.290377927937
3, 0, 790, 743.377, 0.370590810583, 0.283671542134
-1, 0, 1377, 184.847, 0.226642672453, 0.123191417898
35, 14, 7681, 202791.317, 0.335355926706, 0.294327020417
43, 9, 5315, 178.28, 0.102392221834, 0.145193962858
3, 1, 2143, 30750.527, 0.221584584317, 0.18432822229
0, 0, 327, 8152.55, 0.422630650984, 0.208222345562
5, 1, 1345, 977.894, 0.310188072877, 0.323366785384
73, 19, 12617, 426.04, 0.118128170793, 0.266028864179
6, 0, 1574, 305.667, 0.530199204072, 0.300385085331
3, 1, 3117, 234.107, 0.199928480317, 0.164999984388
17, 6, 23714, 381.89, 0.252427228835, 0.0685731031867
8, 4, 8136, 750.474, 0.348614283018, 0.235903159361
7, 3, 812, 309.52, 0.345858530296, 0.104057473256
14, 7, 2798, 667.903, 0.116502798861, 0.15867191008
3, 0, 6665, 308.82, 0.318263672547, 0.199866861103
1, 0, 118, 481.84, 0.257903610194, 0.146246175371
0, 0, 1861, 323.483, 0.283159069225, 0.215016773842
3, 0, 1810, 186.45, 0.318898182269, 0.18515309497
0, 0, 442, 305.2, 0.29541717315, 0.0895200848676
11, 6, 5970, 618.914, 0.0727563891421, 0.127802943385
7, 1, 5349, 217.87, 0.30681352693, 0.155590185189
10, 1, 9997, 469.823, 0.304240876707, 0.31276977169
4, 2, 955, 291.72, 0.183577640088, 0.228921757924
10, 3, 4811, 480.964, 0.284515320867, 0.243142847336
554, 421, 59624, 6091.38, 0.162101081579, 0.293220016528
2, 0, 5441, 301.69, 0.292675284318, 0.248494740994
1, 1, 430, 675.717, 0.304240876707, 0.277447245918
61, 34, 36041, 262.14, 0.210691192491, 0.2492803268
1, 0, 1739, 4600.894, 0.260355270939, 0.308850875731
1, 0, 592, 268.197, 0.196762376456, 0.230018519629
3, 2, 12931, 235.794, 0.433281069248, 0.0828235486603
2, 1, 1436, 216.233, 0.304240876707, 0.243359150515
1, 0, 393, 189.557, 0.529772745482, 0.178249294077
9, 2, 4045, 103.677, 0.5, 0.183342398366
4, 5, 2465, 170.493, 0.346763075692, 0.0981297879174
4, 0, 2470, 735.493, 0.339477159523, 0.231881497267
1, 0, 2464, 11160.067, 0.417322150522, 0.163661677235
10, 5, 9519, 488.093, 0.377567260857, 0.257322636216
8, 2, 1232, 363.463, 0.333666039182, 0.273301748008
42, 20, 23854, 541.413, 0.0765307190387, 0.180265535621
1, 1, 185, 220.554, 0.287902007515, 0.116014143718
43, 31, 46291, 334572.743, 0.278914809935, 0.104718046808
3, 0, 222, 151.117, 0.195134256032, 0.248736357938
14, 8, 15797, 213.734, 0.270225174517, 0.252412570755
3, 2, 2950, 207.947, 0.167827293428, 0.297116748599
0, 0, 653, 6618.007, 0.288122300482, 0.246724774133
9, 2, 1827, 103.833, 0.206637147308, 0.321774198739
4, 3, 7995, 238.57, 0.316225004689, 0.316225004689
1, 0, 278, 446.393, 0.299271763381, 0.181772704243
0, 0, 575, 255.107, 0.18796610108, 0.30681352693
8, 4, 2621, 2358.283, 0.329826653843, 0.281520091385
0, 0, 715, 644.44, 0.280844048684, 0.16108290564
6, 1, 10374, 684.707, 0.233639755891, 0.300518408065
0, 0, 823, 9164.03, 0.281619537727, 0.235978800655
16, 3, 11785, 3063.0, 0.355253874902, 0.332179242764
9, 2, 6972, 1693.61, 0.371451527848, 0.316841426511
16, 2, 1327, 263.877, 0.121335981484, 0.288470286392
142, 32, 84913, 304.887, 0.146342032345, 0.175475606444
4, 3, 16770, 4350.993, 0.689842449283, 0.289559242338
99, 146, 25936, 667.263, 0.379148394461, 0.131649714318
5, 2, 2989, 752.03, 0.30681352693, 0.236615658957
0, 0, 75, 349.643, 0.201963693199, 0.241976192074
5, 0, 4528, 9895.67, 0.2853672056, 0.0371350345747
3, 3, 5810, 3016.367, 0.248021938523, 0.248021938523
2, 0, 689, 228.32, 0.304240876707, 0.247348406026
20, 1, 2164, 2277.55, 0.425437858106, 0.30681352693
0, 0, 1930, 1191.863, 0.295390839202, 0.256887144096
4, 1, 5730, 349.02, 0.331107995006, 0.140418493085
2, 0, 1941, 4220.56, 0.344821472131, 0.297408146664
-2, 0, 30132, 265.747, 0.30681352693, 0.119629439327
6, 2, 10998, 459.61, 0.270288604721, 0.249184300617
2, 0, 762, 26196.657, 0.328272847785, 0.211284563807
5, 1, 3651, 205.75, 0.211299811797, 0.304050611287
2, 1, 6233, 430.983, 0.257637603108, 0.224698263453
15, 3, 44488, 95.754, 0.179002787431, 0.307352909673
2, 0, 1324, 383.76, 0.304240876707, 0.161745838138
1, 1, 3017, 461.633, 0.389941835201, 0.297656865938
8, 1, 5629, 229.52, 0.437793858364, 0.298718670205
2, 0, 2068, 307.46, 0.219100576243, 0.296201258553
4, 3, 1075, 40915.41, 0.300379257608, 0.156691391156
256, 86, 63085, 778.086, 0.30681352693, 0.281394352084
16, 5, 8360, 3128.724, 0.253806107195, 0.277726184624
103, 10, 53419, 177.997, 0.334062273686, 0.252062048091
0, 0, 1379, 5008.71, 0.237946944166, 0.255146197135
13, 2, 36445, 222.487, 0.274223263061, 0.152132150472
24, 3, 35652, 96.317, 0.227380247188, 0.278455535627
0, 0, 3808, 264.936, 0.30681352693, 0.240198455908
3, 0, 2840, 5641.006, 0.284827301035, 0.20679067663
9, 7, 2514, 121.273, 0.444830510266, 0.278308566175
10, 2, 1292, 827.19, 0.247611074681, 0.273085410069
-1, 2, 10061, 323.904, 0.123165321673, 0.176963705651
12, 6, 17223, 1161.594, 0.34612762067, 0.304516143788
4, 0, 891, 1899.817, 0.248168923864, 0.286154228692
1, 0, 295, -1, 0.332875138067, 0.302451477084
1, 0, 1212, 22346.86, 0.473453736405, 0.237139340391
5, 2, 9847, -1, 0.307011194063, 0.25652087713
7, 1, 1105, 2118.667, 0.401434391613, 0.177882383998
4, 0, 785, 408.783, 0.304240876707, 0.257519123583
8, 2, 5825, 205.89, 0.298564060799, 0.256180384109
91, 25, 130917, 57.22, 0.123996966855, 0.30681352693
14, 13, 12832, 822.696, 0.30681352693, 0.19198719937
5, 2, 7122, 3261.913, 0.230629645027, 0.232345914516
84, 12, 8546, 171.473, 0.115946962235, 0.144764311506
98, 27, 55761, 231.847, 0.360964160239, 0.128931737361
0, 0, 134, -1, 0.139969744858, 0.240389417572
2, 0, 1146, 566.763, 0.261515711859, 0.30681352693
7, 2, 6710, 339.674, 0.59431477094, 0.307957882716
0, 0, 996, 542.07, 0.392111518829, 0.30681352693
14, 7, 2144, 491.04, 0.318782908821, 0.288126624741
5, 1, 3627, 665.9, 0.291873545894, 0.291873545894
-1, 0, 1812, 243.67, 0.20795450536, 0.279106084944
1, 0, 2257, 336.976, 0.391834162398, 0.144203269143
4, 1, 2216, 638.244, 0.309390337607, 0.259066884231
20, 4, 13342, 76.193, 0.18676066564, 0.158449002217
4, 4, 1768, 431.794, 0.15605567064, 0.0206005372541
0, 2, 7713, 123.113, 0.268361963416, 0.228713702008
